<?xml version="1.0" encoding="UTF-8"?>
    <addon id="repository.sthrnbeau" name="sthrnbeau-repository" version="0.1.0" provider-name="sthrnbeau">
        <requires>
            <import addon="xbmc.addon" version="12.0.0"/>
        </requires>
        <extension point="xbmc.addon.repository" name="sthrnbeau-repository">
            <info compressed="false">https://raw.githubusercontent.com/sthrnbeau/kodi-repo-sthrnbeau/_repo/addons.xml</info>
            <checksum>https://raw.githubusercontent.com/sthrnbeau/kodi-repo-sthrnbeau/_repo/addons.xml.md5</checksum>
            <datadir zip="true">https://raw.githubusercontent.com/sthrnbeau/kodi-repo-sthrnbeau/_repo/</datadir>
            <hashes>false</hashes>
        </extension>
        <extension point="xbmc.addon.metadata">
            <summary>adult addons and addon dev utilities</summary>
            <description>enjoy</description>
            <platform>all</platform>
    </extension>
</addon>